"filename", "language", "Dart", "Markdown", "comment", "blank", "total"
"c:\ifit\ecomflutter\lib\Features\CategoriesPage\Presentation\Views\Widgets\category_product_grid.dart", "Dart", 74, 0, 0, 4, 78
"c:\ifit\ecomflutter\lib\Features\CategoriesPage\Presentation\Views\Widgets\category_view_body.dart", "Dart", 43, 0, 0, 2, 45
"c:\ifit\ecomflutter\lib\Features\CategoriesPage\Presentation\Views\category_view.dart", "Dart", 10, 0, 0, 2, 12
"c:\ifit\ecomflutter\lib\Features\CheckoutPage\CheckoutPageView\Data\Repo\payment_repo.dart", "Dart", 116, 0, 0, 11, 127
"c:\ifit\ecomflutter\lib\Features\CheckoutPage\CheckoutPageView\Manager\cart_cubit.dart", "Dart", 48, 0, 5, 12, 65
"c:\ifit\ecomflutter\lib\Features\CheckoutPage\CheckoutPageView\Manager\cart_state.dart", "Dart", 26, 0, 0, 5, 31
"c:\ifit\ecomflutter\lib\Features\CheckoutPage\CheckoutPageView\Views\Widgets\checkout_dialog.dart", "Dart", 0, 0, 84, 6, 90
"c:\ifit\ecomflutter\lib\Features\CheckoutPage\CheckoutPageView\Views\Widgets\checkout_list.dart", "Dart", 8, 0, 0, 3, 11
"c:\ifit\ecomflutter\lib\Features\CheckoutPage\CheckoutPageView\Views\Widgets\checkout_price.dart", "Dart", 71, 0, 0, 3, 74
"c:\ifit\ecomflutter\lib\Features\CheckoutPage\CheckoutPageView\Views\Widgets\enter_coupon_widget.dart", "Dart", 71, 0, 0, 7, 78
"c:\ifit\ecomflutter\lib\Features\CheckoutPage\CheckoutPageView\Views\cart.dart", "Dart", 259, 0, 12, 11, 282
"c:\ifit\ecomflutter\lib\Features\CheckoutPage\CheckoutPageView\Views\checkout.dart", "Dart", 200, 0, 10, 7, 217
"c:\ifit\ecomflutter\lib\Features\CheckoutPage\CheckoutPageView\Views\payment_web_view.dart", "Dart", 56, 0, 0, 15, 71
"c:\ifit\ecomflutter\lib\Features\CheckoutPage\SuccessPageView\success_view.dart", "Dart", 66, 0, 0, 5, 71
"c:\ifit\ecomflutter\lib\Features\DashboardPage\Data\Models\dashboard_order.dart", "Dart", 92, 0, 2, 19, 113
"c:\ifit\ecomflutter\lib\Features\DashboardPage\Data\Models\dashboard_order.g.dart", "Dart", 86, 0, 4, 13, 103
"c:\ifit\ecomflutter\lib\Features\DashboardPage\Data\Models\dashboard_product.dart", "Dart", 55, 0, 0, 13, 68
"c:\ifit\ecomflutter\lib\Features\DashboardPage\Data\Models\dashboard_product.g.dart", "Dart", 51, 0, 4, 8, 63
"c:\ifit\ecomflutter\lib\Features\DashboardPage\Data\Models\dashboard_user.dart", "Dart", 40, 0, 0, 10, 50
"c:\ifit\ecomflutter\lib\Features\DashboardPage\Data\Models\dashboard_user.g.dart", "Dart", 42, 0, 4, 8, 54
"c:\ifit\ecomflutter\lib\Features\DashboardPage\Data\Repo\dashboard_repo.dart", "Dart", 187, 0, 0, 24, 211
"c:\ifit\ecomflutter\lib\Features\DashboardPage\Presentation\Manager\dashboard_cubit.dart", "Dart", 137, 0, 7, 16, 160
"c:\ifit\ecomflutter\lib\Features\DashboardPage\Presentation\Manager\dashboard_state.dart", "Dart", 75, 0, 5, 37, 117
"c:\ifit\ecomflutter\lib\Features\DashboardPage\Presentation\Views\Widgets\dashboard_overview.dart", "Dart", 244, 0, 3, 12, 259
"c:\ifit\ecomflutter\lib\Features\DashboardPage\Presentation\Views\Widgets\orders_section.dart", "Dart", 396, 0, 1, 22, 419
"c:\ifit\ecomflutter\lib\Features\DashboardPage\Presentation\Views\Widgets\products_section.dart", "Dart", 507, 0, 1, 18, 526
"c:\ifit\ecomflutter\lib\Features\DashboardPage\Presentation\Views\Widgets\users_section.dart", "Dart", 310, 0, 1, 17, 328
"c:\ifit\ecomflutter\lib\Features\DashboardPage\Presentation\Views\dashboard_view.dart", "Dart", 143, 0, 2, 8, 153
"c:\ifit\ecomflutter\lib\Features\DashboardPage\README.md", "Markdown", 0, 75, 0, 22, 97
"c:\ifit\ecomflutter\lib\Features\DetailsPage\Widgets\color_list_tile.dart", "Dart", 56, 0, 0, 4, 60
"c:\ifit\ecomflutter\lib\Features\DetailsPage\Widgets\details_view_functions.dart", "Dart", 113, 0, 0, 4, 117
"c:\ifit\ecomflutter\lib\Features\DetailsPage\Widgets\size_list_tile.dart", "Dart", 49, 0, 1, 3, 53
"c:\ifit\ecomflutter\lib\Features\DetailsPage\details.dart", "Dart", 243, 0, 0, 17, 260
"c:\ifit\ecomflutter\lib\Features\HomePage\Presentation\View\Widgets\home_view_body.dart", "Dart", 8, 0, 0, 3, 11
"c:\ifit\ecomflutter\lib\Features\HomePage\Presentation\View\home_view.dart", "Dart", 154, 0, 0, 10, 164
"c:\ifit\ecomflutter\lib\Features\NotificationsPage\Data\Models\notificationModel.dart", "Dart", 30, 0, 0, 6, 36
"c:\ifit\ecomflutter\lib\Features\NotificationsPage\Data\Models\notificationModel.g.dart", "Dart", 36, 0, 4, 8, 48
"c:\ifit\ecomflutter\lib\Features\NotificationsPage\Data\Repo\notifications_repo.dart", "Dart", 79, 0, 0, 13, 92
"c:\ifit\ecomflutter\lib\Features\NotificationsPage\Presentation\Manager\notifications_page_cubit.dart", "Dart", 35, 0, 0, 4, 39
"c:\ifit\ecomflutter\lib\Features\NotificationsPage\Presentation\Manager\notifications_page_state.dart", "Dart", 12, 0, 0, 5, 17
"c:\ifit\ecomflutter\lib\Features\NotificationsPage\Presentation\Views\NotificationsPageView\Widgets\notification_found_body_view.dart", "Dart", 52, 0, 1, 3, 56
"c:\ifit\ecomflutter\lib\Features\NotificationsPage\Presentation\Views\NotificationsPageView\Widgets\notification_notFound_body_view.dart", "Dart", 45, 0, 0, 4, 49
"c:\ifit\ecomflutter\lib\Features\NotificationsPage\Presentation\Views\NotificationsPageView\Widgets\notifications_tile.dart", "Dart", 55, 0, 0, 4, 59
"c:\ifit\ecomflutter\lib\Features\NotificationsPage\Presentation\Views\NotificationsPageView\notifications.dart", "Dart", 9, 0, 0, 3, 12
"c:\ifit\ecomflutter\lib\Features\OnBoardingPage\Widgets\login_material_button.dart", "Dart", 73, 0, 0, 6, 79
"c:\ifit\ecomflutter\lib\Features\OnBoardingPage\Widgets\login_text_field.dart", "Dart", 45, 0, 0, 2, 47
"c:\ifit\ecomflutter\lib\Features\OnBoardingPage\Widgets\sign_in_group_buttons.dart", "Dart", 50, 0, 0, 6, 56
"c:\ifit\ecomflutter\lib\Features\OnBoardingPage\Widgets\sign_in_text.dart", "Dart", 15, 0, 0, 3, 18
"c:\ifit\ecomflutter\lib\Features\OnBoardingPage\create_new_account_view.dart", "Dart", 160, 0, 0, 11, 171
"c:\ifit\ecomflutter\lib\Features\OnBoardingPage\initial_sign_view.dart", "Dart", 170, 0, 0, 10, 180
"c:\ifit\ecomflutter\lib\Features\OnBoardingPage\logo_view.dart", "Dart", 36, 0, 0, 5, 41
"c:\ifit\ecomflutter\lib\Features\OnBoardingPage\password_check_view.dart", "Dart", 156, 0, 0, 9, 165
"c:\ifit\ecomflutter\lib\Features\OnBoardingPage\splash_view.dart", "Dart", 98, 0, 0, 12, 110
"c:\ifit\ecomflutter\lib\Features\OrdersPage\Data\Models\order.dart", "Dart", 43, 0, 1, 4, 48
"c:\ifit\ecomflutter\lib\Features\OrdersPage\Data\Models\order.g.dart", "Dart", 48, 0, 4, 8, 60
"c:\ifit\ecomflutter\lib\Features\OrdersPage\Data\Models\orderItem.dart", "Dart", 13, 0, 0, 4, 17
"c:\ifit\ecomflutter\lib\Features\OrdersPage\Data\Models\orderItem.g.dart", "Dart", 33, 0, 4, 8, 45
"c:\ifit\ecomflutter\lib\Features\OrdersPage\Data\Repo\order_request_repo.dart", "Dart", 102, 0, 1, 14, 117
"c:\ifit\ecomflutter\lib\Features\OrdersPage\Presentation\Manager\order_view_cubit.dart", "Dart", 23, 0, 0, 3, 26
"c:\ifit\ecomflutter\lib\Features\OrdersPage\Presentation\Manager\order_view_state.dart", "Dart", 9, 0, 0, 5, 14
"c:\ifit\ecomflutter\lib\Features\OrdersPage\Presentation\Manager\orders_page_cubit.dart", "Dart", 30, 0, 0, 5, 35
"c:\ifit\ecomflutter\lib\Features\OrdersPage\Presentation\Manager\orders_page_state.dart", "Dart", 12, 0, 0, 5, 17
"c:\ifit\ecomflutter\lib\Features\OrdersPage\Presentation\Views\OrdersViewPage\Widgets\allTabs.dart", "Dart", 57, 0, 0, 6, 63
"c:\ifit\ecomflutter\lib\Features\OrdersPage\Presentation\Views\OrdersViewPage\Widgets\order_status.dart", "Dart", 94, 0, 0, 6, 100
"c:\ifit\ecomflutter\lib\Features\OrdersPage\Presentation\Views\OrdersViewPage\Widgets\order_tile.dart", "Dart", 62, 0, 0, 5, 67
"c:\ifit\ecomflutter\lib\Features\OrdersPage\Presentation\Views\OrdersViewPage\Widgets\orders_found_view_body.dart", "Dart", 53, 0, 1, 3, 57
"c:\ifit\ecomflutter\lib\Features\OrdersPage\Presentation\Views\OrdersViewPage\Widgets\orders_not_found_view_body.dart", "Dart", 45, 0, 0, 4, 49
"c:\ifit\ecomflutter\lib\Features\OrdersPage\Presentation\Views\OrdersViewPage\order_view.dart", "Dart", 157, 0, 0, 7, 164
"c:\ifit\ecomflutter\lib\Features\OrdersPage\Presentation\Views\OrdersViewPage\orders.dart", "Dart", 9, 0, 3, 4, 16
"c:\ifit\ecomflutter\lib\Features\PaymentScreens\Widgets\payment_fail_view_body.dart", "Dart", 59, 0, 0, 3, 62
"c:\ifit\ecomflutter\lib\Features\PaymentScreens\Widgets\payment_success_view_body.dart", "Dart", 53, 0, 0, 3, 56
"c:\ifit\ecomflutter\lib\Features\PaymentScreens\payment_view.dart", "Dart", 20, 0, 1, 5, 26
"c:\ifit\ecomflutter\lib\Features\PreferencesPage\AddPages\add_address_view.dart", "Dart", 164, 0, 0, 13, 177
"c:\ifit\ecomflutter\lib\Features\PreferencesPage\AddPages\add_card_view.dart", "Dart", 164, 0, 0, 14, 178
"c:\ifit\ecomflutter\lib\Features\PreferencesPage\address_view.dart", "Dart", 90, 0, 0, 3, 93
"c:\ifit\ecomflutter\lib\Features\PreferencesPage\help_view.dart", "Dart", 78, 0, 0, 4, 82
"c:\ifit\ecomflutter\lib\Features\PreferencesPage\payment_view.dart", "Dart", 128, 0, 0, 7, 135
"c:\ifit\ecomflutter\lib\Features\PreferencesPage\support_view.dart", "Dart", 76, 0, 0, 2, 78
"c:\ifit\ecomflutter\lib\Features\PreferencesPage\wishlist_view.dart", "Dart", 51, 0, 0, 2, 53
"c:\ifit\ecomflutter\lib\Features\ProductsPage\Data\Models\color.dart", "Dart", 24, 0, 0, 9, 33
"c:\ifit\ecomflutter\lib\Features\ProductsPage\Data\Models\color.g.dart", "Dart", 36, 0, 4, 8, 48
"c:\ifit\ecomflutter\lib\Features\ProductsPage\Data\Models\item.dart", "Dart", 36, 0, 0, 12, 48
"c:\ifit\ecomflutter\lib\Features\ProductsPage\Data\Models\item.g.dart", "Dart", 54, 0, 4, 8, 66
"c:\ifit\ecomflutter\lib\Features\ProductsPage\Data\Models\size.dart", "Dart", 10, 0, 0, 5, 15
"c:\ifit\ecomflutter\lib\Features\ProductsPage\Data\Models\size.g.dart", "Dart", 33, 0, 4, 8, 45
"c:\ifit\ecomflutter\lib\Features\ProductsPage\Data\Repo\home_repo.dart", "Dart", 91, 0, 1, 9, 101
"c:\ifit\ecomflutter\lib\Features\ProductsPage\Presentation\Manager\main_products_cubit.dart", "Dart", 19, 0, 0, 3, 22
"c:\ifit\ecomflutter\lib\Features\ProductsPage\Presentation\Manager\main_products_state.dart", "Dart", 13, 0, 0, 6, 19
"c:\ifit\ecomflutter\lib\Features\ProductsPage\Presentation\Views\ProductsPageView\Widgets\categories_widget.dart", "Dart", 41, 0, 0, 4, 45
"c:\ifit\ecomflutter\lib\Features\ProductsPage\Presentation\Views\ProductsPageView\Widgets\custom_main_page_app_bar.dart", "Dart", 75, 0, 12, 3, 90
"c:\ifit\ecomflutter\lib\Features\ProductsPage\Presentation\Views\ProductsPageView\Widgets\new_items_widget.dart", "Dart", 47, 0, 0, 3, 50
"c:\ifit\ecomflutter\lib\Features\ProductsPage\Presentation\Views\ProductsPageView\Widgets\top_selling_widget.dart", "Dart", 47, 0, 0, 4, 51
"c:\ifit\ecomflutter\lib\Features\ProductsPage\Presentation\Views\ProductsPageView\products.dart", "Dart", 99, 0, 0, 3, 102
"c:\ifit\ecomflutter\lib\Features\ProfilePage\Presentation\Manager\profile_page_cubit_cubit.dart", "Dart", 20, 0, 0, 3, 23
"c:\ifit\ecomflutter\lib\Features\ProfilePage\Presentation\Manager\profile_page_cubit_state.dart", "Dart", 10, 0, 0, 5, 15
"c:\ifit\ecomflutter\lib\Features\ProfilePage\Presentation\Views\ProfilePageView\Widgets\profile_details_tile.dart", "Dart", 65, 0, 0, 2, 67
"c:\ifit\ecomflutter\lib\Features\ProfilePage\Presentation\Views\ProfilePageView\profilePage.dart", "Dart", 127, 0, 1, 11, 139
"c:\ifit\ecomflutter\lib\Features\SearchPage\Widgets\categories_show.dart", "Dart", 49, 0, 0, 2, 51
"c:\ifit\ecomflutter\lib\Features\SearchPage\Widgets\custom_search_field.dart", "Dart", 45, 0, 0, 4, 49
"c:\ifit\ecomflutter\lib\Features\SearchPage\Widgets\search_found_results.dart", "Dart", 55, 0, 0, 2, 57
"c:\ifit\ecomflutter\lib\Features\SearchPage\Widgets\search_products_grid.dart", "Dart", 104, 0, 0, 4, 108
"c:\ifit\ecomflutter\lib\Features\SearchPage\Widgets\shop_by_categories_view.dart", "Dart", 39, 0, 0, 3, 42
"c:\ifit\ecomflutter\lib\Features\SearchPage\search_view.dart", "Dart", 2, 0, 2, 2, 6
"c:\ifit\ecomflutter\lib\constants\colors.dart", "Dart", 9, 0, 0, 2, 11
"c:\ifit\ecomflutter\lib\constants\constant.dart", "Dart", 11, 0, 9, 4, 24
"c:\ifit\ecomflutter\lib\constants\sizes.dart", "Dart", 10, 0, 0, 2, 12
"c:\ifit\ecomflutter\lib\firebase_options.dart", "Dart", 0, 0, 61, 3, 64
"c:\ifit\ecomflutter\lib\main.dart", "Dart", 91, 0, 2, 11, 104
"c:\ifit\ecomflutter\lib\routers.dart", "Dart", 97, 0, 7, 7, 111
"c:\ifit\ecomflutter\lib\utils\api_service.dart", "Dart", 66, 0, 0, 9, 75
"c:\ifit\ecomflutter\lib\utils\errors\failures.dart", "Dart", 0, 0, 0, 1, 1
"c:\ifit\ecomflutter\lib\utils\helpers\notification_sender.dart", "Dart", 82, 0, 12, 19, 113
"c:\ifit\ecomflutter\lib\utils\helpers\token_service.dart", "Dart", 68, 0, 1, 17, 86
"c:\ifit\ecomflutter\lib\utils\service_locator.dart", "Dart", 15, 0, 0, 3, 18
"c:\ifit\ecomflutter\lib\utils\shared_func.dart", "Dart", 7, 0, 0, 2, 9
"c:\ifit\ecomflutter\lib\utils\stripe_service.dart", "Dart", 0, 0, 41, 7, 48
"c:\ifit\ecomflutter\lib\utils\theme_data.dart", "Dart", 36, 0, 0, 3, 39
"c:\ifit\ecomflutter\lib\utils\usefulFunctions.dart", "Dart", 12, 0, 0, 3, 15
"c:\ifit\ecomflutter\lib\utils\widgets\listtile.dart", "Dart", 25, 0, 1, 2, 28
"c:\ifit\ecomflutter\lib\utils\widgets\option_list_tile.dart", "Dart", 39, 0, 0, 3, 42
"c:\ifit\ecomflutter\lib\utils\widgets\product_card.dart", "Dart", 119, 0, 3, 8, 130
"Total", "-", 8693, 75, 331, 871, 9970